entity_id,state,last_changed
sensor.geschirrspuler_current_consumption,0.0,2025-09-30T10:00:00.000Z
sensor.geschirrspuler_current_consumption,5.7,2025-09-30T10:00:00.694Z
sensor.geschirrspuler_current_consumption,10.6,2025-09-30T10:00:06.003Z
sensor.geschirrspuler_current_consumption,15.4,2025-09-30T10:00:11.010Z
sensor.geschirrspuler_current_consumption,11.3,2025-09-30T10:00:16.012Z
sensor.geschirrspuler_current_consumption,7.8,2025-09-30T10:00:21.001Z
sensor.geschirrspuler_current_consumption,6.2,2025-09-30T10:00:26.008Z
sensor.geschirrspuler_current_consumption,11.8,2025-09-30T10:00:31.016Z
sensor.geschirrspuler_current_consumption,5.3,2025-09-30T10:00:36.014Z
sensor.geschirrspuler_current_consumption,5.0,2025-09-30T10:00:41.010Z
sensor.geschirrspuler_current_consumption,10.1,2025-09-30T10:00:46.012Z
sensor.geschirrspuler_current_consumption,10.2,2025-09-30T10:00:51.005Z
sensor.geschirrspuler_current_consumption,8.2,2025-09-30T10:00:56.007Z
sensor.geschirrspuler_current_consumption,6.9,2025-09-30T10:01:01.014Z
sensor.geschirrspuler_current_consumption,8.2,2025-09-30T10:01:06.004Z
sensor.geschirrspuler_current_consumption,22.5,2025-09-30T10:01:11.006Z
sensor.geschirrspuler_current_consumption,17.6,2025-09-30T10:01:16.012Z
sensor.geschirrspuler_current_consumption,17.2,2025-09-30T10:01:26.006Z
sensor.geschirrspuler_current_consumption,16.9,2025-09-30T10:01:35.999Z
sensor.geschirrspuler_current_consumption,16.8,2025-09-30T10:01:46.014Z
sensor.geschirrspuler_current_consumption,23.1,2025-09-30T10:01:50.999Z
sensor.geschirrspuler_current_consumption,31.2,2025-09-30T10:01:56.006Z
sensor.geschirrspuler_current_consumption,28.8,2025-09-30T10:02:01.013Z
sensor.geschirrspuler_current_consumption,28.6,2025-09-30T10:02:06.003Z
sensor.geschirrspuler_current_consumption,24.6,2025-09-30T10:02:11.006Z
sensor.geschirrspuler_current_consumption,26.7,2025-09-30T10:02:16.014Z
sensor.geschirrspuler_current_consumption,27.1,2025-09-30T10:02:20.999Z
sensor.geschirrspuler_current_consumption,45.0,2025-09-30T10:02:26.006Z
sensor.geschirrspuler_current_consumption,44.5,2025-09-30T10:02:31.020Z
sensor.geschirrspuler_current_consumption,32.7,2025-09-30T10:02:35.999Z
sensor.geschirrspuler_current_consumption,35.1,2025-09-30T10:02:41.005Z
sensor.geschirrspuler_current_consumption,1627.3,2025-09-30T10:02:46.016Z
sensor.geschirrspuler_current_consumption,1622.7,2025-09-30T10:02:51.001Z
sensor.geschirrspuler_current_consumption,1623.8,2025-09-30T10:02:56.008Z
sensor.geschirrspuler_current_consumption,1613.6,2025-09-30T10:03:01.015Z
sensor.geschirrspuler_current_consumption,1609.6,2025-09-30T10:03:06.002Z
sensor.geschirrspuler_current_consumption,1606.4,2025-09-30T10:03:11.006Z
sensor.geschirrspuler_current_consumption,1601.8,2025-09-30T10:03:16.013Z
sensor.geschirrspuler_current_consumption,1597.2,2025-09-30T10:03:20.999Z
sensor.geschirrspuler_current_consumption,1577.4,2025-09-30T10:03:26.006Z
sensor.geschirrspuler_current_consumption,1575.2,2025-09-30T10:03:31.012Z
sensor.geschirrspuler_current_consumption,1572.4,2025-09-30T10:03:35.999Z
sensor.geschirrspuler_current_consumption,1570.0,2025-09-30T10:03:41.006Z
sensor.geschirrspuler_current_consumption,1567.8,2025-09-30T10:03:46.012Z
sensor.geschirrspuler_current_consumption,1566.3,2025-09-30T10:03:50.999Z
sensor.geschirrspuler_current_consumption,1579.6,2025-09-30T10:03:56.007Z
sensor.geschirrspuler_current_consumption,1576.0,2025-09-30T10:04:01.017Z
sensor.geschirrspuler_current_consumption,1572.9,2025-09-30T10:04:06.000Z
sensor.geschirrspuler_current_consumption,1575.1,2025-09-30T10:04:11.009Z
sensor.geschirrspuler_current_consumption,1573.2,2025-09-30T10:04:16.013Z
sensor.geschirrspuler_current_consumption,1572.9,2025-09-30T10:04:20.999Z
sensor.geschirrspuler_current_consumption,1569.7,2025-09-30T10:04:26.006Z
sensor.geschirrspuler_current_consumption,1570.8,2025-09-30T10:04:31.016Z
sensor.geschirrspuler_current_consumption,1566.9,2025-09-30T10:04:35.999Z
sensor.geschirrspuler_current_consumption,1563.7,2025-09-30T10:04:41.013Z
sensor.geschirrspuler_current_consumption,1561.0,2025-09-30T10:04:46.015Z
sensor.geschirrspuler_current_consumption,1561.4,2025-09-30T10:04:51.001Z
sensor.geschirrspuler_current_consumption,1550.5,2025-09-30T10:04:56.008Z
sensor.geschirrspuler_current_consumption,1551.8,2025-09-30T10:05:01.017Z
sensor.geschirrspuler_current_consumption,1552.5,2025-09-30T10:05:06.000Z
sensor.geschirrspuler_current_consumption,1553.9,2025-09-30T10:05:11.013Z
sensor.geschirrspuler_current_consumption,1555.8,2025-09-30T10:05:16.015Z
sensor.geschirrspuler_current_consumption,1555.5,2025-09-30T10:05:21.003Z
sensor.geschirrspuler_current_consumption,1555.7,2025-09-30T10:05:26.011Z
sensor.geschirrspuler_current_consumption,1556.0,2025-09-30T10:05:31.000Z
sensor.geschirrspuler_current_consumption,1556.4,2025-09-30T10:05:36.006Z
sensor.geschirrspuler_current_consumption,1554.3,2025-09-30T10:05:41.021Z
sensor.geschirrspuler_current_consumption,1546.6,2025-09-30T10:05:46.002Z
sensor.geschirrspuler_current_consumption,1549.1,2025-09-30T10:05:51.007Z
sensor.geschirrspuler_current_consumption,1555.6,2025-09-30T10:05:56.015Z
sensor.geschirrspuler_current_consumption,1556.2,2025-09-30T10:06:01.026Z
sensor.geschirrspuler_current_consumption,1556.4,2025-09-30T10:06:06.005Z
sensor.geschirrspuler_current_consumption,1571.8,2025-09-30T10:06:11.009Z
sensor.geschirrspuler_current_consumption,1572.6,2025-09-30T10:06:15.999Z
sensor.geschirrspuler_current_consumption,1572.8,2025-09-30T10:06:21.005Z
sensor.geschirrspuler_current_consumption,1571.0,2025-09-30T10:06:26.013Z
sensor.geschirrspuler_current_consumption,1572.5,2025-09-30T10:06:31.000Z
sensor.geschirrspuler_current_consumption,1574.4,2025-09-30T10:06:36.017Z
sensor.geschirrspuler_current_consumption,1574.8,2025-09-30T10:06:41.015Z
sensor.geschirrspuler_current_consumption,1573.0,2025-09-30T10:06:45.999Z
sensor.geschirrspuler_current_consumption,1574.2,2025-09-30T10:06:51.002Z
sensor.geschirrspuler_current_consumption,1577.8,2025-09-30T10:06:56.014Z
sensor.geschirrspuler_current_consumption,1578.3,2025-09-30T10:07:01.001Z
sensor.geschirrspuler_current_consumption,1578.2,2025-09-30T10:07:06.012Z
sensor.geschirrspuler_current_consumption,1563.7,2025-09-30T10:07:11.000Z
sensor.geschirrspuler_current_consumption,1562.3,2025-09-30T10:07:16.006Z
sensor.geschirrspuler_current_consumption,1563.7,2025-09-30T10:07:21.013Z
sensor.geschirrspuler_current_consumption,1565.3,2025-09-30T10:07:26.000Z
sensor.geschirrspuler_current_consumption,1561.8,2025-09-30T10:07:31.006Z
sensor.geschirrspuler_current_consumption,1562.9,2025-09-30T10:07:36.015Z
sensor.geschirrspuler_current_consumption,1563.6,2025-09-30T10:07:40.999Z
sensor.geschirrspuler_current_consumption,1562.2,2025-09-30T10:07:46.005Z
sensor.geschirrspuler_current_consumption,1561.9,2025-09-30T10:07:51.012Z
sensor.geschirrspuler_current_consumption,1562.4,2025-09-30T10:07:56.007Z
sensor.geschirrspuler_current_consumption,1563.2,2025-09-30T10:08:01.007Z
sensor.geschirrspuler_current_consumption,1562.2,2025-09-30T10:08:06.019Z
sensor.geschirrspuler_current_consumption,1562.1,2025-09-30T10:08:10.999Z
sensor.geschirrspuler_current_consumption,1562.3,2025-09-30T10:08:16.008Z
sensor.geschirrspuler_current_consumption,1572.9,2025-09-30T10:08:21.015Z
sensor.geschirrspuler_current_consumption,1578.4,2025-09-30T10:08:25.999Z
sensor.geschirrspuler_current_consumption,1577.8,2025-09-30T10:08:31.006Z
sensor.geschirrspuler_current_consumption,1580.5,2025-09-30T10:08:36.020Z
sensor.geschirrspuler_current_consumption,1581.6,2025-09-30T10:08:40.999Z
sensor.geschirrspuler_current_consumption,1580.1,2025-09-30T10:08:51.012Z
sensor.geschirrspuler_current_consumption,1579.2,2025-09-30T10:08:56.000Z
sensor.geschirrspuler_current_consumption,1579.9,2025-09-30T10:09:01.007Z
sensor.geschirrspuler_current_consumption,1579.6,2025-09-30T10:09:06.013Z
sensor.geschirrspuler_current_consumption,1579.5,2025-09-30T10:09:11.000Z
sensor.geschirrspuler_current_consumption,1580.0,2025-09-30T10:09:16.007Z
sensor.geschirrspuler_current_consumption,1568.6,2025-09-30T10:09:21.020Z
sensor.geschirrspuler_current_consumption,1563.9,2025-09-30T10:09:26.001Z
sensor.geschirrspuler_current_consumption,1562.9,2025-09-30T10:09:31.011Z
sensor.geschirrspuler_current_consumption,1565.8,2025-09-30T10:09:36.017Z
sensor.geschirrspuler_current_consumption,1565.1,2025-09-30T10:09:41.002Z
sensor.geschirrspuler_current_consumption,1564.8,2025-09-30T10:09:46.008Z
sensor.geschirrspuler_current_consumption,1561.8,2025-09-30T10:09:51.017Z
sensor.geschirrspuler_current_consumption,1563.6,2025-09-30T10:09:56.000Z
sensor.geschirrspuler_current_consumption,1564.9,2025-09-30T10:10:06.013Z
sensor.geschirrspuler_current_consumption,1564.0,2025-09-30T10:10:11.004Z
sensor.geschirrspuler_current_consumption,1565.7,2025-09-30T10:10:16.010Z
sensor.geschirrspuler_current_consumption,1564.5,2025-09-30T10:10:20.998Z
sensor.geschirrspuler_current_consumption,1565.7,2025-09-30T10:10:26.007Z
sensor.geschirrspuler_current_consumption,1565.5,2025-09-30T10:10:31.019Z
sensor.geschirrspuler_current_consumption,1583.1,2025-09-30T10:10:35.999Z
sensor.geschirrspuler_current_consumption,1582.7,2025-09-30T10:10:41.007Z
sensor.geschirrspuler_current_consumption,1582.3,2025-09-30T10:10:46.012Z
sensor.geschirrspuler_current_consumption,1582.7,2025-09-30T10:10:50.999Z
sensor.geschirrspuler_current_consumption,1582.1,2025-09-30T10:10:56.006Z
sensor.geschirrspuler_current_consumption,1582.7,2025-09-30T10:11:01.013Z
sensor.geschirrspuler_current_consumption,1580.3,2025-09-30T10:11:05.999Z
sensor.geschirrspuler_current_consumption,1578.0,2025-09-30T10:11:11.006Z
sensor.geschirrspuler_current_consumption,1579.8,2025-09-30T10:11:16.013Z
sensor.geschirrspuler_current_consumption,1580.3,2025-09-30T10:11:21.000Z
sensor.geschirrspuler_current_consumption,1579.6,2025-09-30T10:11:26.006Z
sensor.geschirrspuler_current_consumption,1580.0,2025-09-30T10:11:31.006Z
sensor.geschirrspuler_current_consumption,1564.5,2025-09-30T10:11:36.015Z
sensor.geschirrspuler_current_consumption,1562.8,2025-09-30T10:11:41.000Z
sensor.geschirrspuler_current_consumption,1563.1,2025-09-30T10:11:46.009Z
sensor.geschirrspuler_current_consumption,1569.1,2025-09-30T10:11:51.014Z
sensor.geschirrspuler_current_consumption,1564.9,2025-09-30T10:11:55.999Z
sensor.geschirrspuler_current_consumption,1563.9,2025-09-30T10:12:01.006Z
sensor.geschirrspuler_current_consumption,1564.5,2025-09-30T10:12:06.014Z
sensor.geschirrspuler_current_consumption,1565.3,2025-09-30T10:12:11.000Z
sensor.geschirrspuler_current_consumption,1566.0,2025-09-30T10:12:16.023Z
sensor.geschirrspuler_current_consumption,1565.3,2025-09-30T10:12:26.000Z
sensor.geschirrspuler_current_consumption,1566.2,2025-09-30T10:12:31.006Z
sensor.geschirrspuler_current_consumption,1564.9,2025-09-30T10:12:36.014Z
sensor.geschirrspuler_current_consumption,1568.1,2025-09-30T10:12:46.013Z
sensor.geschirrspuler_current_consumption,1582.6,2025-09-30T10:12:51.015Z
sensor.geschirrspuler_current_consumption,1583.2,2025-09-30T10:12:55.999Z
sensor.geschirrspuler_current_consumption,1581.6,2025-09-30T10:13:01.006Z
sensor.geschirrspuler_current_consumption,1582.8,2025-09-30T10:13:06.015Z
sensor.geschirrspuler_current_consumption,1581.3,2025-09-30T10:13:11.002Z
sensor.geschirrspuler_current_consumption,1580.2,2025-09-30T10:13:16.007Z
sensor.geschirrspuler_current_consumption,1580.7,2025-09-30T10:13:21.016Z
sensor.geschirrspuler_current_consumption,1580.4,2025-09-30T10:13:26.002Z
sensor.geschirrspuler_current_consumption,1579.9,2025-09-30T10:13:31.010Z
sensor.geschirrspuler_current_consumption,1579.8,2025-09-30T10:13:36.017Z
sensor.geschirrspuler_current_consumption,1580.5,2025-09-30T10:13:41.005Z
sensor.geschirrspuler_current_consumption,1581.3,2025-09-30T10:13:46.008Z
sensor.geschirrspuler_current_consumption,1567.4,2025-09-30T10:13:51.014Z
sensor.geschirrspuler_current_consumption,1562.1,2025-09-30T10:13:55.999Z
sensor.geschirrspuler_current_consumption,1565.1,2025-09-30T10:14:06.014Z
sensor.geschirrspuler_current_consumption,1563.8,2025-09-30T10:14:11.004Z
sensor.geschirrspuler_current_consumption,1563.6,2025-09-30T10:14:16.006Z
sensor.geschirrspuler_current_consumption,1564.0,2025-09-30T10:14:21.012Z
sensor.geschirrspuler_current_consumption,1563.9,2025-09-30T10:14:25.999Z
sensor.geschirrspuler_current_consumption,1563.3,2025-09-30T10:14:31.007Z
sensor.geschirrspuler_current_consumption,1562.5,2025-09-30T10:14:36.013Z
sensor.geschirrspuler_current_consumption,1563.5,2025-09-30T10:14:41.001Z
sensor.geschirrspuler_current_consumption,1565.0,2025-09-30T10:14:46.007Z
sensor.geschirrspuler_current_consumption,1564.6,2025-09-30T10:14:51.015Z
sensor.geschirrspuler_current_consumption,1564.2,2025-09-30T10:14:55.999Z
sensor.geschirrspuler_current_consumption,1570.5,2025-09-30T10:15:01.006Z
sensor.geschirrspuler_current_consumption,1582.8,2025-09-30T10:15:06.012Z
sensor.geschirrspuler_current_consumption,1581.3,2025-09-30T10:15:10.999Z
sensor.geschirrspuler_current_consumption,1579.9,2025-09-30T10:15:16.005Z
sensor.geschirrspuler_current_consumption,1580.6,2025-09-30T10:15:21.018Z
sensor.geschirrspuler_current_consumption,1580.1,2025-09-30T10:15:25.999Z
sensor.geschirrspuler_current_consumption,1579.6,2025-09-30T10:15:31.006Z
sensor.geschirrspuler_current_consumption,1578.7,2025-09-30T10:15:36.013Z
sensor.geschirrspuler_current_consumption,1578.8,2025-09-30T10:15:40.999Z
sensor.geschirrspuler_current_consumption,1578.9,2025-09-30T10:15:51.016Z
sensor.geschirrspuler_current_consumption,1580.5,2025-09-30T10:15:55.999Z
sensor.geschirrspuler_current_consumption,1580.6,2025-09-30T10:16:01.000Z
sensor.geschirrspuler_current_consumption,1567.4,2025-09-30T10:16:06.009Z
sensor.geschirrspuler_current_consumption,1562.0,2025-09-30T10:16:11.018Z
sensor.geschirrspuler_current_consumption,1561.8,2025-09-30T10:16:15.999Z
sensor.geschirrspuler_current_consumption,1564.8,2025-09-30T10:16:21.006Z
sensor.geschirrspuler_current_consumption,1564.6,2025-09-30T10:16:26.012Z
sensor.geschirrspuler_current_consumption,1566.1,2025-09-30T10:16:30.999Z
sensor.geschirrspuler_current_consumption,1563.8,2025-09-30T10:16:36.009Z
sensor.geschirrspuler_current_consumption,1561.3,2025-09-30T10:16:41.012Z
sensor.geschirrspuler_current_consumption,1562.5,2025-09-30T10:16:46.000Z
sensor.geschirrspuler_current_consumption,1563.7,2025-09-30T10:16:51.007Z
sensor.geschirrspuler_current_consumption,1562.0,2025-09-30T10:16:56.014Z
sensor.geschirrspuler_current_consumption,1564.1,2025-09-30T10:17:01.009Z
sensor.geschirrspuler_current_consumption,1563.7,2025-09-30T10:17:06.012Z
sensor.geschirrspuler_current_consumption,1561.6,2025-09-30T10:17:11.014Z
sensor.geschirrspuler_current_consumption,1561.1,2025-09-30T10:17:15.999Z
sensor.geschirrspuler_current_consumption,1578.3,2025-09-30T10:17:21.006Z
sensor.geschirrspuler_current_consumption,793.5,2025-09-30T10:17:26.013Z
sensor.geschirrspuler_current_consumption,35.2,2025-09-30T10:17:31.002Z
sensor.geschirrspuler_current_consumption,34.5,2025-09-30T10:17:36.012Z
sensor.geschirrspuler_current_consumption,26.4,2025-09-30T10:17:41.013Z
sensor.geschirrspuler_current_consumption,26.3,2025-09-30T10:17:51.008Z
sensor.geschirrspuler_current_consumption,26.4,2025-09-30T10:17:56.000Z
sensor.geschirrspuler_current_consumption,26.3,2025-09-30T10:18:01.006Z
sensor.geschirrspuler_current_consumption,26.5,2025-09-30T10:18:06.016Z
sensor.geschirrspuler_current_consumption,26.4,2025-09-30T10:18:11.006Z
sensor.geschirrspuler_current_consumption,26.3,2025-09-30T10:18:16.007Z
sensor.geschirrspuler_current_consumption,26.4,2025-09-30T10:18:21.014Z
sensor.geschirrspuler_current_consumption,26.3,2025-09-30T10:18:31.007Z
sensor.geschirrspuler_current_consumption,26.5,2025-09-30T10:18:36.021Z
sensor.geschirrspuler_current_consumption,26.4,2025-09-30T10:18:46.006Z
sensor.geschirrspuler_current_consumption,47.0,2025-09-30T10:18:51.013Z
sensor.geschirrspuler_current_consumption,43.5,2025-09-30T10:18:56.000Z
sensor.geschirrspuler_current_consumption,37.4,2025-09-30T10:19:01.012Z
sensor.geschirrspuler_current_consumption,51.8,2025-09-30T10:19:06.014Z
sensor.geschirrspuler_current_consumption,37.2,2025-09-30T10:19:10.999Z
sensor.geschirrspuler_current_consumption,37.1,2025-09-30T10:19:16.007Z
sensor.geschirrspuler_current_consumption,36.9,2025-09-30T10:19:21.015Z
sensor.geschirrspuler_current_consumption,28.6,2025-09-30T10:19:26.006Z
sensor.geschirrspuler_current_consumption,34.9,2025-09-30T10:19:31.011Z
sensor.geschirrspuler_current_consumption,25.4,2025-09-30T10:19:36.012Z
sensor.geschirrspuler_current_consumption,28.8,2025-09-30T10:19:41.005Z
sensor.geschirrspuler_current_consumption,22.6,2025-09-30T10:19:46.009Z
sensor.geschirrspuler_current_consumption,39.1,2025-09-30T10:19:51.017Z
sensor.geschirrspuler_current_consumption,33.5,2025-09-30T10:19:56.002Z
sensor.geschirrspuler_current_consumption,29.1,2025-09-30T10:20:01.010Z
sensor.geschirrspuler_current_consumption,32.9,2025-09-30T10:20:06.012Z
sensor.geschirrspuler_current_consumption,1588.9,2025-09-30T10:20:11.002Z
sensor.geschirrspuler_current_consumption,1584.7,2025-09-30T10:20:16.009Z
sensor.geschirrspuler_current_consumption,1584.0,2025-09-30T10:20:21.016Z
sensor.geschirrspuler_current_consumption,1582.0,2025-09-30T10:20:26.001Z
sensor.geschirrspuler_current_consumption,1580.8,2025-09-30T10:20:31.006Z
sensor.geschirrspuler_current_consumption,1578.4,2025-09-30T10:20:36.006Z
sensor.geschirrspuler_current_consumption,1577.1,2025-09-30T10:20:41.006Z
sensor.geschirrspuler_current_consumption,1572.6,2025-09-30T10:20:46.015Z
sensor.geschirrspuler_current_consumption,1585.2,2025-09-30T10:20:51.006Z
sensor.geschirrspuler_current_consumption,1583.1,2025-09-30T10:20:56.013Z
sensor.geschirrspuler_current_consumption,1582.6,2025-09-30T10:21:01.000Z
sensor.geschirrspuler_current_consumption,1580.8,2025-09-30T10:21:06.009Z
sensor.geschirrspuler_current_consumption,1579.5,2025-09-30T10:21:11.014Z
sensor.geschirrspuler_current_consumption,1576.7,2025-09-30T10:21:16.001Z
sensor.geschirrspuler_current_consumption,1574.6,2025-09-30T10:21:21.007Z
sensor.geschirrspuler_current_consumption,1573.0,2025-09-30T10:21:26.014Z
sensor.geschirrspuler_current_consumption,1572.6,2025-09-30T10:21:31.000Z
sensor.geschirrspuler_current_consumption,1572.8,2025-09-30T10:21:36.012Z
sensor.geschirrspuler_current_consumption,1572.6,2025-09-30T10:21:41.015Z
sensor.geschirrspuler_current_consumption,1574.4,2025-09-30T10:21:46.002Z
sensor.geschirrspuler_current_consumption,1561.0,2025-09-30T10:21:51.009Z
sensor.geschirrspuler_current_consumption,1559.9,2025-09-30T10:21:56.016Z
sensor.geschirrspuler_current_consumption,1559.7,2025-09-30T10:22:01.001Z
sensor.geschirrspuler_current_consumption,1564.2,2025-09-30T10:22:06.006Z
sensor.geschirrspuler_current_consumption,1564.6,2025-09-30T10:22:11.013Z
sensor.geschirrspuler_current_consumption,1565.5,2025-09-30T10:22:16.000Z
sensor.geschirrspuler_current_consumption,1566.9,2025-09-30T10:22:21.008Z
sensor.geschirrspuler_current_consumption,1567.8,2025-09-30T10:22:25.999Z
sensor.geschirrspuler_current_consumption,1567.1,2025-09-30T10:22:31.006Z
sensor.geschirrspuler_current_consumption,1568.0,2025-09-30T10:22:36.018Z
sensor.geschirrspuler_current_consumption,1567.1,2025-09-30T10:22:41.000Z
sensor.geschirrspuler_current_consumption,1567.7,2025-09-30T10:22:46.007Z
sensor.geschirrspuler_current_consumption,1567.8,2025-09-30T10:22:51.013Z
sensor.geschirrspuler_current_consumption,1568.5,2025-09-30T10:22:55.999Z
sensor.geschirrspuler_current_consumption,1567.1,2025-09-30T10:23:01.006Z
sensor.geschirrspuler_current_consumption,1582.5,2025-09-30T10:23:06.012Z
sensor.geschirrspuler_current_consumption,1582.9,2025-09-30T10:23:11.003Z
sensor.geschirrspuler_current_consumption,1583.7,2025-09-30T10:23:16.005Z
sensor.geschirrspuler_current_consumption,1583.0,2025-09-30T10:23:21.014Z
sensor.geschirrspuler_current_consumption,1583.9,2025-09-30T10:23:26.008Z
sensor.geschirrspuler_current_consumption,1584.7,2025-09-30T10:23:31.009Z
sensor.geschirrspuler_current_consumption,1585.2,2025-09-30T10:23:36.016Z
sensor.geschirrspuler_current_consumption,1584.1,2025-09-30T10:23:40.999Z
sensor.geschirrspuler_current_consumption,1584.4,2025-09-30T10:23:46.007Z
sensor.geschirrspuler_current_consumption,1583.0,2025-09-30T10:23:55.999Z
sensor.geschirrspuler_current_consumption,1582.9,2025-09-30T10:24:01.009Z
sensor.geschirrspuler_current_consumption,1568.3,2025-09-30T10:24:06.013Z
sensor.geschirrspuler_current_consumption,1564.9,2025-09-30T10:24:10.999Z
sensor.geschirrspuler_current_consumption,1564.7,2025-09-30T10:24:16.006Z
sensor.geschirrspuler_current_consumption,1568.1,2025-09-30T10:24:21.015Z
sensor.geschirrspuler_current_consumption,1567.1,2025-09-30T10:24:25.999Z
sensor.geschirrspuler_current_consumption,1568.0,2025-09-30T10:24:36.015Z
sensor.geschirrspuler_current_consumption,1567.6,2025-09-30T10:24:46.009Z
sensor.geschirrspuler_current_consumption,1568.1,2025-09-30T10:24:50.999Z
sensor.geschirrspuler_current_consumption,1569.5,2025-09-30T10:24:56.006Z
sensor.geschirrspuler_current_consumption,1571.3,2025-09-30T10:25:01.019Z
sensor.geschirrspuler_current_consumption,1570.4,2025-09-30T10:25:06.000Z
sensor.geschirrspuler_current_consumption,1572.3,2025-09-30T10:25:10.998Z
sensor.geschirrspuler_current_consumption,1575.7,2025-09-30T10:25:16.006Z
sensor.geschirrspuler_current_consumption,1587.2,2025-09-30T10:25:21.017Z
sensor.geschirrspuler_current_consumption,1587.1,2025-09-30T10:25:26.003Z
sensor.geschirrspuler_current_consumption,1586.8,2025-09-30T10:25:31.006Z
sensor.geschirrspuler_current_consumption,1585.2,2025-09-30T10:25:36.012Z
sensor.geschirrspuler_current_consumption,1586.0,2025-09-30T10:25:41.000Z
sensor.geschirrspuler_current_consumption,1584.0,2025-09-30T10:25:46.009Z
sensor.geschirrspuler_current_consumption,1585.6,2025-09-30T10:25:51.018Z
sensor.geschirrspuler_current_consumption,1585.1,2025-09-30T10:25:56.000Z
sensor.geschirrspuler_current_consumption,1586.2,2025-09-30T10:26:01.006Z
sensor.geschirrspuler_current_consumption,1586.6,2025-09-30T10:26:06.013Z
sensor.geschirrspuler_current_consumption,1586.3,2025-09-30T10:26:10.999Z
sensor.geschirrspuler_current_consumption,1586.1,2025-09-30T10:26:16.010Z
sensor.geschirrspuler_current_consumption,1573.9,2025-09-30T10:26:21.016Z
sensor.geschirrspuler_current_consumption,1569.4,2025-09-30T10:26:26.008Z
sensor.geschirrspuler_current_consumption,1570.7,2025-09-30T10:26:31.006Z
sensor.geschirrspuler_current_consumption,1569.8,2025-09-30T10:26:36.015Z
sensor.geschirrspuler_current_consumption,1574.6,2025-09-30T10:26:40.999Z
sensor.geschirrspuler_current_consumption,1574.1,2025-09-30T10:26:46.010Z
sensor.geschirrspuler_current_consumption,1573.1,2025-09-30T10:26:51.014Z
sensor.geschirrspuler_current_consumption,1572.9,2025-09-30T10:26:56.001Z
sensor.geschirrspuler_current_consumption,1571.8,2025-09-30T10:27:01.008Z
sensor.geschirrspuler_current_consumption,1573.7,2025-09-30T10:27:06.015Z
sensor.geschirrspuler_current_consumption,1572.4,2025-09-30T10:27:11.001Z
sensor.geschirrspuler_current_consumption,1572.6,2025-09-30T10:27:16.011Z
sensor.geschirrspuler_current_consumption,1574.1,2025-09-30T10:27:21.012Z
sensor.geschirrspuler_current_consumption,1573.3,2025-09-30T10:27:26.001Z
sensor.geschirrspuler_current_consumption,1572.6,2025-09-30T10:27:31.008Z
sensor.geschirrspuler_current_consumption,1589.0,2025-09-30T10:27:36.015Z
sensor.geschirrspuler_current_consumption,1590.0,2025-09-30T10:27:41.003Z
sensor.geschirrspuler_current_consumption,1589.5,2025-09-30T10:27:46.005Z
sensor.geschirrspuler_current_consumption,1589.7,2025-09-30T10:27:51.013Z
sensor.geschirrspuler_current_consumption,1589.1,2025-09-30T10:27:55.999Z
sensor.geschirrspuler_current_consumption,1588.0,2025-09-30T10:28:01.007Z
sensor.geschirrspuler_current_consumption,1587.0,2025-09-30T10:28:06.015Z
sensor.geschirrspuler_current_consumption,1586.6,2025-09-30T10:28:11.004Z
sensor.geschirrspuler_current_consumption,1587.3,2025-09-30T10:28:16.007Z
sensor.geschirrspuler_current_consumption,1586.3,2025-09-30T10:28:21.015Z
sensor.geschirrspuler_current_consumption,1587.6,2025-09-30T10:28:26.000Z
sensor.geschirrspuler_current_consumption,1587.9,2025-09-30T10:28:31.007Z
sensor.geschirrspuler_current_consumption,1576.6,2025-09-30T10:28:36.015Z
sensor.geschirrspuler_current_consumption,1570.5,2025-09-30T10:28:41.003Z
sensor.geschirrspuler_current_consumption,1569.8,2025-09-30T10:28:46.008Z
sensor.geschirrspuler_current_consumption,1575.0,2025-09-30T10:28:51.014Z
sensor.geschirrspuler_current_consumption,1574.3,2025-09-30T10:28:56.000Z
sensor.geschirrspuler_current_consumption,1574.2,2025-09-30T10:29:01.008Z
sensor.geschirrspuler_current_consumption,1574.4,2025-09-30T10:29:06.015Z
sensor.geschirrspuler_current_consumption,1572.2,2025-09-30T10:29:11.003Z
sensor.geschirrspuler_current_consumption,1572.3,2025-09-30T10:29:16.006Z
sensor.geschirrspuler_current_consumption,1571.1,2025-09-30T10:29:21.014Z
sensor.geschirrspuler_current_consumption,1570.2,2025-09-30T10:29:26.000Z
sensor.geschirrspuler_current_consumption,1570.7,2025-09-30T10:29:31.006Z
sensor.geschirrspuler_current_consumption,1572.4,2025-09-30T10:29:36.014Z
sensor.geschirrspuler_current_consumption,1574.0,2025-09-30T10:29:40.999Z
sensor.geschirrspuler_current_consumption,1573.2,2025-09-30T10:29:45.998Z
sensor.geschirrspuler_current_consumption,1588.4,2025-09-30T10:29:51.005Z
sensor.geschirrspuler_current_consumption,1589.0,2025-09-30T10:29:56.014Z
sensor.geschirrspuler_current_consumption,1588.1,2025-09-30T10:30:06.008Z
sensor.geschirrspuler_current_consumption,1586.5,2025-09-30T10:30:11.017Z
sensor.geschirrspuler_current_consumption,1585.1,2025-09-30T10:30:16.000Z
sensor.geschirrspuler_current_consumption,1586.3,2025-09-30T10:30:21.007Z
sensor.geschirrspuler_current_consumption,1586.0,2025-09-30T10:30:26.013Z
sensor.geschirrspuler_current_consumption,1584.3,2025-09-30T10:30:30.998Z
sensor.geschirrspuler_current_consumption,1585.0,2025-09-30T10:30:36.007Z
sensor.geschirrspuler_current_consumption,1585.1,2025-09-30T10:30:41.017Z
sensor.geschirrspuler_current_consumption,1584.9,2025-09-30T10:30:46.005Z
sensor.geschirrspuler_current_consumption,1569.7,2025-09-30T10:30:51.006Z
sensor.geschirrspuler_current_consumption,1411.4,2025-09-30T10:30:56.013Z
sensor.geschirrspuler_current_consumption,26.2,2025-09-30T10:31:00.999Z
sensor.geschirrspuler_current_consumption,31.3,2025-09-30T10:31:06.010Z
sensor.geschirrspuler_current_consumption,29.9,2025-09-30T10:31:11.020Z
sensor.geschirrspuler_current_consumption,29.7,2025-09-30T10:31:16.006Z
sensor.geschirrspuler_current_consumption,29.8,2025-09-30T10:31:26.014Z
sensor.geschirrspuler_current_consumption,29.7,2025-09-30T10:31:36.010Z
sensor.geschirrspuler_current_consumption,29.8,2025-09-30T10:31:41.013Z
sensor.geschirrspuler_current_consumption,29.7,2025-09-30T10:31:46.000Z
sensor.geschirrspuler_current_consumption,29.8,2025-09-30T10:31:51.007Z
sensor.geschirrspuler_current_consumption,30.1,2025-09-30T10:31:56.014Z
sensor.geschirrspuler_current_consumption,35.2,2025-09-30T10:32:01.001Z
sensor.geschirrspuler_current_consumption,44.4,2025-09-30T10:32:06.010Z
sensor.geschirrspuler_current_consumption,44.6,2025-09-30T10:32:11.013Z
sensor.geschirrspuler_current_consumption,44.5,2025-09-30T10:32:16.000Z
sensor.geschirrspuler_current_consumption,44.3,2025-09-30T10:32:21.008Z
sensor.geschirrspuler_current_consumption,42.8,2025-09-30T10:32:26.015Z
sensor.geschirrspuler_current_consumption,41.4,2025-09-30T10:32:31.002Z
sensor.geschirrspuler_current_consumption,41.3,2025-09-30T10:32:36.009Z
sensor.geschirrspuler_current_consumption,41.5,2025-09-30T10:32:41.034Z
sensor.geschirrspuler_current_consumption,41.3,2025-09-30T10:32:46.000Z
sensor.geschirrspuler_current_consumption,41.4,2025-09-30T10:32:51.006Z
sensor.geschirrspuler_current_consumption,41.5,2025-09-30T10:32:56.013Z
sensor.geschirrspuler_current_consumption,33.8,2025-09-30T10:33:01.003Z
sensor.geschirrspuler_current_consumption,25.4,2025-09-30T10:33:06.004Z
sensor.geschirrspuler_current_consumption,22.9,2025-09-30T10:33:11.013Z
sensor.geschirrspuler_current_consumption,26.3,2025-09-30T10:33:15.999Z
sensor.geschirrspuler_current_consumption,26.7,2025-09-30T10:33:21.007Z
sensor.geschirrspuler_current_consumption,26.6,2025-09-30T10:33:26.014Z
sensor.geschirrspuler_current_consumption,26.8,2025-09-30T10:33:31.002Z
sensor.geschirrspuler_current_consumption,26.9,2025-09-30T10:33:46.000Z
sensor.geschirrspuler_current_consumption,26.8,2025-09-30T10:33:51.006Z
sensor.geschirrspuler_current_consumption,26.7,2025-09-30T10:34:06.005Z
sensor.geschirrspuler_current_consumption,26.3,2025-09-30T10:34:11.012Z
sensor.geschirrspuler_current_consumption,41.7,2025-09-30T10:34:15.999Z
sensor.geschirrspuler_current_consumption,41.6,2025-09-30T10:34:21.000Z
sensor.geschirrspuler_current_consumption,41.3,2025-09-30T10:34:35.999Z
sensor.geschirrspuler_current_consumption,41.2,2025-09-30T10:34:50.999Z
sensor.geschirrspuler_current_consumption,41.4,2025-09-30T10:34:56.007Z
sensor.geschirrspuler_current_consumption,41.5,2025-09-30T10:35:01.016Z
sensor.geschirrspuler_current_consumption,41.3,2025-09-30T10:35:06.000Z
sensor.geschirrspuler_current_consumption,41.4,2025-09-30T10:35:11.005Z
sensor.geschirrspuler_current_consumption,26.2,2025-09-30T10:35:16.012Z
sensor.geschirrspuler_current_consumption,22.8,2025-09-30T10:35:21.000Z
sensor.geschirrspuler_current_consumption,23.0,2025-09-30T10:35:26.008Z
sensor.geschirrspuler_current_consumption,28.1,2025-09-30T10:35:31.025Z
sensor.geschirrspuler_current_consumption,26.6,2025-09-30T10:35:36.003Z
sensor.geschirrspuler_current_consumption,26.8,2025-09-30T10:35:41.008Z
sensor.geschirrspuler_current_consumption,26.7,2025-09-30T10:35:46.015Z
sensor.geschirrspuler_current_consumption,26.8,2025-09-30T10:35:51.000Z
sensor.geschirrspuler_current_consumption,26.7,2025-09-30T10:35:56.009Z
sensor.geschirrspuler_current_consumption,26.6,2025-09-30T10:36:01.020Z
sensor.geschirrspuler_current_consumption,26.8,2025-09-30T10:36:06.008Z
sensor.geschirrspuler_current_consumption,26.7,2025-09-30T10:36:26.010Z
sensor.geschirrspuler_current_consumption,26.8,2025-09-30T10:36:31.015Z
sensor.geschirrspuler_current_consumption,26.7,2025-09-30T10:36:41.009Z
sensor.geschirrspuler_current_consumption,26.8,2025-09-30T10:36:46.015Z
sensor.geschirrspuler_current_consumption,26.9,2025-09-30T10:36:51.000Z
sensor.geschirrspuler_current_consumption,26.8,2025-09-30T10:36:56.009Z
sensor.geschirrspuler_current_consumption,26.7,2025-09-30T10:37:16.013Z
sensor.geschirrspuler_current_consumption,26.6,2025-09-30T10:37:21.002Z
sensor.geschirrspuler_current_consumption,28.2,2025-09-30T10:37:26.011Z
sensor.geschirrspuler_current_consumption,26.6,2025-09-30T10:37:31.013Z
sensor.geschirrspuler_current_consumption,23.0,2025-09-30T10:37:36.002Z
sensor.geschirrspuler_current_consumption,22.9,2025-09-30T10:37:41.007Z
sensor.geschirrspuler_current_consumption,27.0,2025-09-30T10:37:46.015Z
sensor.geschirrspuler_current_consumption,26.7,2025-09-30T10:37:51.002Z
sensor.geschirrspuler_current_consumption,26.8,2025-09-30T10:37:56.008Z
sensor.geschirrspuler_current_consumption,26.7,2025-09-30T10:38:06.002Z
sensor.geschirrspuler_current_consumption,26.9,2025-09-30T10:38:11.009Z
sensor.geschirrspuler_current_consumption,26.8,2025-09-30T10:38:15.999Z
sensor.geschirrspuler_current_consumption,26.9,2025-09-30T10:38:21.009Z
sensor.geschirrspuler_current_consumption,26.8,2025-09-30T10:38:26.019Z
sensor.geschirrspuler_current_consumption,27.5,2025-09-30T10:38:41.013Z
sensor.geschirrspuler_current_consumption,41.6,2025-09-30T10:38:46.001Z
sensor.geschirrspuler_current_consumption,41.5,2025-09-30T10:39:06.007Z
sensor.geschirrspuler_current_consumption,41.4,2025-09-30T10:39:16.000Z
sensor.geschirrspuler_current_consumption,41.5,2025-09-30T10:39:21.009Z
sensor.geschirrspuler_current_consumption,41.4,2025-09-30T10:39:26.013Z
sensor.geschirrspuler_current_consumption,41.3,2025-09-30T10:39:30.999Z
sensor.geschirrspuler_current_consumption,41.6,2025-09-30T10:39:36.006Z
sensor.geschirrspuler_current_consumption,41.4,2025-09-30T10:39:41.013Z
sensor.geschirrspuler_current_consumption,26.7,2025-09-30T10:39:46.002Z
sensor.geschirrspuler_current_consumption,22.9,2025-09-30T10:39:51.000Z
sensor.geschirrspuler_current_consumption,22.8,2025-09-30T10:40:01.017Z
sensor.geschirrspuler_current_consumption,26.8,2025-09-30T10:40:06.000Z
sensor.geschirrspuler_current_consumption,26.7,2025-09-30T10:40:26.007Z
sensor.geschirrspuler_current_consumption,26.8,2025-09-30T10:40:31.012Z
sensor.geschirrspuler_current_consumption,26.7,2025-09-30T10:40:35.999Z
sensor.geschirrspuler_current_consumption,26.6,2025-09-30T10:40:46.013Z
sensor.geschirrspuler_current_consumption,26.9,2025-09-30T10:40:50.999Z
sensor.geschirrspuler_current_consumption,29.8,2025-09-30T10:40:56.009Z
sensor.geschirrspuler_current_consumption,41.6,2025-09-30T10:41:01.013Z
sensor.geschirrspuler_current_consumption,41.5,2025-09-30T10:41:06.000Z
sensor.geschirrspuler_current_consumption,41.6,2025-09-30T10:41:11.007Z
sensor.geschirrspuler_current_consumption,41.5,2025-09-30T10:41:20.999Z
sensor.geschirrspuler_current_consumption,41.6,2025-09-30T10:41:36.019Z
sensor.geschirrspuler_current_consumption,41.5,2025-09-30T10:41:40.999Z
sensor.geschirrspuler_current_consumption,41.6,2025-09-30T10:41:46.008Z
sensor.geschirrspuler_current_consumption,41.5,2025-09-30T10:41:51.013Z
sensor.geschirrspuler_current_consumption,41.3,2025-09-30T10:41:56.000Z
sensor.geschirrspuler_current_consumption,29.1,2025-09-30T10:42:01.007Z
sensor.geschirrspuler_current_consumption,22.7,2025-09-30T10:42:06.014Z
sensor.geschirrspuler_current_consumption,22.8,2025-09-30T10:42:11.002Z
sensor.geschirrspuler_current_consumption,26.0,2025-09-30T10:42:16.012Z
sensor.geschirrspuler_current_consumption,20.7,2025-09-30T10:42:21.014Z
sensor.geschirrspuler_current_consumption,26.8,2025-09-30T10:42:26.002Z
sensor.geschirrspuler_current_consumption,26.7,2025-09-30T10:42:31.008Z
sensor.geschirrspuler_current_consumption,26.8,2025-09-30T10:42:36.016Z
sensor.geschirrspuler_current_consumption,26.6,2025-09-30T10:42:41.005Z
sensor.geschirrspuler_current_consumption,26.7,2025-09-30T10:42:46.006Z
sensor.geschirrspuler_current_consumption,26.8,2025-09-30T10:42:51.012Z
sensor.geschirrspuler_current_consumption,26.9,2025-09-30T10:43:01.009Z
sensor.geschirrspuler_current_consumption,26.7,2025-09-30T10:43:11.001Z
sensor.geschirrspuler_current_consumption,26.8,2025-09-30T10:43:16.007Z
sensor.geschirrspuler_current_consumption,26.7,2025-09-30T10:43:26.000Z
sensor.geschirrspuler_current_consumption,27.4,2025-09-30T10:43:56.000Z
sensor.geschirrspuler_current_consumption,48.4,2025-09-30T10:44:01.009Z
sensor.geschirrspuler_current_consumption,48.8,2025-09-30T10:44:06.015Z
sensor.geschirrspuler_current_consumption,48.7,2025-09-30T10:44:10.999Z
sensor.geschirrspuler_current_consumption,48.9,2025-09-30T10:44:16.007Z
sensor.geschirrspuler_current_consumption,48.7,2025-09-30T10:44:21.014Z
sensor.geschirrspuler_current_consumption,48.5,2025-09-30T10:44:46.006Z
sensor.geschirrspuler_current_consumption,48.6,2025-09-30T10:44:55.999Z
sensor.geschirrspuler_current_consumption,48.5,2025-09-30T10:45:01.006Z
sensor.geschirrspuler_current_consumption,48.7,2025-09-30T10:45:06.013Z
sensor.geschirrspuler_current_consumption,48.6,2025-09-30T10:45:16.007Z
sensor.geschirrspuler_current_consumption,48.7,2025-09-30T10:45:21.021Z
sensor.geschirrspuler_current_consumption,48.8,2025-09-30T10:45:31.006Z
sensor.geschirrspuler_current_consumption,48.6,2025-09-30T10:45:36.012Z
sensor.geschirrspuler_current_consumption,48.7,2025-09-30T10:45:40.999Z
sensor.geschirrspuler_current_consumption,48.6,2025-09-30T10:45:51.012Z
sensor.geschirrspuler_current_consumption,48.4,2025-09-30T10:45:56.001Z
sensor.geschirrspuler_current_consumption,48.7,2025-09-30T10:46:01.009Z
sensor.geschirrspuler_current_consumption,48.8,2025-09-30T10:46:10.999Z
sensor.geschirrspuler_current_consumption,48.5,2025-09-30T10:46:16.010Z
sensor.geschirrspuler_current_consumption,48.6,2025-09-30T10:46:21.012Z
sensor.geschirrspuler_current_consumption,48.7,2025-09-30T10:46:31.008Z
sensor.geschirrspuler_current_consumption,48.6,2025-09-30T10:46:50.999Z
sensor.geschirrspuler_current_consumption,25.6,2025-09-30T10:47:01.014Z
sensor.geschirrspuler_current_consumption,26.3,2025-09-30T10:47:06.000Z
sensor.geschirrspuler_current_consumption,47.7,2025-09-30T10:47:11.006Z
sensor.geschirrspuler_current_consumption,47.6,2025-09-30T10:47:16.016Z
sensor.geschirrspuler_current_consumption,47.7,2025-09-30T10:47:21.014Z
sensor.geschirrspuler_current_consumption,47.9,2025-09-30T10:47:41.007Z
sensor.geschirrspuler_current_consumption,47.7,2025-09-30T10:47:46.020Z
sensor.geschirrspuler_current_consumption,47.6,2025-09-30T10:47:50.999Z
sensor.geschirrspuler_current_consumption,47.7,2025-09-30T10:48:01.013Z
sensor.geschirrspuler_current_consumption,47.6,2025-09-30T10:48:06.003Z
sensor.geschirrspuler_current_consumption,47.4,2025-09-30T10:48:16.012Z
sensor.geschirrspuler_current_consumption,47.5,2025-09-30T10:48:21.002Z
sensor.geschirrspuler_current_consumption,47.6,2025-09-30T10:48:26.006Z
sensor.geschirrspuler_current_consumption,47.7,2025-09-30T10:48:31.013Z
sensor.geschirrspuler_current_consumption,47.4,2025-09-30T10:48:41.010Z
sensor.geschirrspuler_current_consumption,47.7,2025-09-30T10:48:46.014Z
sensor.geschirrspuler_current_consumption,47.5,2025-09-30T10:48:51.001Z
sensor.geschirrspuler_current_consumption,47.6,2025-09-30T10:48:56.008Z
sensor.geschirrspuler_current_consumption,47.5,2025-09-30T10:49:01.037Z
sensor.geschirrspuler_current_consumption,42.1,2025-09-30T10:49:05.999Z
sensor.geschirrspuler_current_consumption,26.2,2025-09-30T10:49:11.013Z
sensor.geschirrspuler_current_consumption,48.6,2025-09-30T10:49:16.013Z
sensor.geschirrspuler_current_consumption,48.8,2025-09-30T10:49:20.999Z
sensor.geschirrspuler_current_consumption,48.7,2025-09-30T10:49:26.007Z
sensor.geschirrspuler_current_consumption,48.6,2025-09-30T10:49:31.020Z
sensor.geschirrspuler_current_consumption,48.8,2025-09-30T10:49:36.001Z
sensor.geschirrspuler_current_consumption,48.7,2025-09-30T10:49:41.005Z
sensor.geschirrspuler_current_consumption,48.8,2025-09-30T10:49:46.013Z
sensor.geschirrspuler_current_consumption,48.6,2025-09-30T10:49:56.049Z
sensor.geschirrspuler_current_consumption,48.8,2025-09-30T10:50:06.004Z
sensor.geschirrspuler_current_consumption,48.6,2025-09-30T10:50:11.018Z
sensor.geschirrspuler_current_consumption,48.7,2025-09-30T10:50:15.998Z
sensor.geschirrspuler_current_consumption,37.3,2025-09-30T10:50:31.001Z
sensor.geschirrspuler_current_consumption,24.8,2025-09-30T10:50:36.009Z
sensor.geschirrspuler_current_consumption,14.4,2025-09-30T10:50:40.999Z
sensor.geschirrspuler_current_consumption,23.8,2025-09-30T10:50:46.005Z
sensor.geschirrspuler_current_consumption,15.4,2025-09-30T10:50:51.013Z
sensor.geschirrspuler_current_consumption,18.1,2025-09-30T10:50:56.002Z
sensor.geschirrspuler_current_consumption,17.8,2025-09-30T10:51:01.008Z
sensor.geschirrspuler_current_consumption,17.9,2025-09-30T10:51:06.015Z
sensor.geschirrspuler_current_consumption,16.6,2025-09-30T10:51:10.998Z
sensor.geschirrspuler_current_consumption,14.8,2025-09-30T10:51:16.008Z
sensor.geschirrspuler_current_consumption,14.4,2025-09-30T10:51:21.014Z
sensor.geschirrspuler_current_consumption,31.5,2025-09-30T10:51:26.007Z
sensor.geschirrspuler_current_consumption,31.6,2025-09-30T10:51:31.009Z
sensor.geschirrspuler_current_consumption,26.6,2025-09-30T10:51:36.015Z
sensor.geschirrspuler_current_consumption,3.0,2025-09-30T10:51:40.999Z
sensor.geschirrspuler_current_consumption,23.7,2025-09-30T10:51:51.014Z
sensor.geschirrspuler_current_consumption,11.1,2025-09-30T10:51:55.999Z
sensor.geschirrspuler_current_consumption,2.9,2025-09-30T10:52:01.007Z
sensor.geschirrspuler_current_consumption,3.1,2025-09-30T10:52:06.015Z
sensor.geschirrspuler_current_consumption,2.8,2025-09-30T10:52:10.999Z
sensor.geschirrspuler_current_consumption,2.7,2025-09-30T10:52:21.014Z
sensor.geschirrspuler_current_consumption,22.8,2025-09-30T10:52:36.019Z
sensor.geschirrspuler_current_consumption,23.1,2025-09-30T10:52:40.998Z
sensor.geschirrspuler_current_consumption,23.0,2025-09-30T10:52:51.013Z
sensor.geschirrspuler_current_consumption,23.4,2025-09-30T10:52:55.999Z
sensor.geschirrspuler_current_consumption,39.7,2025-09-30T10:53:01.007Z
sensor.geschirrspuler_current_consumption,27.0,2025-09-30T10:53:06.012Z
sensor.geschirrspuler_current_consumption,16.7,2025-09-30T10:53:10.999Z
sensor.geschirrspuler_current_consumption,22.6,2025-09-30T10:53:16.006Z
sensor.geschirrspuler_current_consumption,22.3,2025-09-30T10:53:21.012Z
sensor.geschirrspuler_current_consumption,22.2,2025-09-30T10:53:26.001Z
sensor.geschirrspuler_current_consumption,37.2,2025-09-30T10:53:36.013Z
sensor.geschirrspuler_current_consumption,39.2,2025-09-30T10:53:41.003Z
sensor.geschirrspuler_current_consumption,24.7,2025-09-30T10:53:46.009Z
sensor.geschirrspuler_current_consumption,16.2,2025-09-30T10:53:51.002Z
sensor.geschirrspuler_current_consumption,22.1,2025-09-30T10:53:56.005Z
sensor.geschirrspuler_current_consumption,21.6,2025-09-30T10:54:01.017Z
sensor.geschirrspuler_current_consumption,21.7,2025-09-30T10:54:06.001Z
sensor.geschirrspuler_current_consumption,21.6,2025-09-30T10:54:11.007Z
sensor.geschirrspuler_current_consumption,27.6,2025-09-30T10:54:16.015Z
sensor.geschirrspuler_current_consumption,37.5,2025-09-30T10:54:20.998Z
sensor.geschirrspuler_current_consumption,25.5,2025-09-30T10:54:26.006Z
sensor.geschirrspuler_current_consumption,15.8,2025-09-30T10:54:31.014Z
sensor.geschirrspuler_current_consumption,21.7,2025-09-30T10:54:36.000Z
sensor.geschirrspuler_current_consumption,21.3,2025-09-30T10:54:41.007Z
sensor.geschirrspuler_current_consumption,21.4,2025-09-30T10:54:46.014Z
sensor.geschirrspuler_current_consumption,21.3,2025-09-30T10:54:51.000Z
sensor.geschirrspuler_current_consumption,30.0,2025-09-30T10:54:56.008Z
sensor.geschirrspuler_current_consumption,38.2,2025-09-30T10:55:01.017Z
sensor.geschirrspuler_current_consumption,24.1,2025-09-30T10:55:06.001Z
sensor.geschirrspuler_current_consumption,23.3,2025-09-30T10:55:11.009Z
sensor.geschirrspuler_current_consumption,23.0,2025-09-30T10:55:16.003Z
sensor.geschirrspuler_current_consumption,15.6,2025-09-30T10:55:21.004Z
sensor.geschirrspuler_current_consumption,21.1,2025-09-30T10:55:26.012Z
sensor.geschirrspuler_current_consumption,21.0,2025-09-30T10:55:30.999Z
sensor.geschirrspuler_current_consumption,20.9,2025-09-30T10:55:41.011Z
sensor.geschirrspuler_current_consumption,30.2,2025-09-30T10:55:46.006Z
sensor.geschirrspuler_current_consumption,37.7,2025-09-30T10:55:51.007Z
sensor.geschirrspuler_current_consumption,23.6,2025-09-30T10:55:56.013Z
sensor.geschirrspuler_current_consumption,22.8,2025-09-30T10:56:00.999Z
sensor.geschirrspuler_current_consumption,22.6,2025-09-30T10:56:06.006Z
sensor.geschirrspuler_current_consumption,15.3,2025-09-30T10:56:11.012Z
sensor.geschirrspuler_current_consumption,20.9,2025-09-30T10:56:16.010Z
sensor.geschirrspuler_current_consumption,20.8,2025-09-30T10:56:21.008Z
sensor.geschirrspuler_current_consumption,20.7,2025-09-30T10:56:26.016Z
sensor.geschirrspuler_current_consumption,20.8,2025-09-30T10:56:30.999Z
sensor.geschirrspuler_current_consumption,32.1,2025-09-30T10:56:36.006Z
sensor.geschirrspuler_current_consumption,37.9,2025-09-30T10:56:41.013Z
sensor.geschirrspuler_current_consumption,23.2,2025-09-30T10:56:45.999Z
sensor.geschirrspuler_current_consumption,22.6,2025-09-30T10:56:51.006Z
sensor.geschirrspuler_current_consumption,22.5,2025-09-30T10:56:56.015Z
sensor.geschirrspuler_current_consumption,14.8,2025-09-30T10:57:01.001Z
sensor.geschirrspuler_current_consumption,14.9,2025-09-30T10:57:06.008Z
sensor.geschirrspuler_current_consumption,14.6,2025-09-30T10:57:11.015Z
sensor.geschirrspuler_current_consumption,8.3,2025-09-30T10:57:15.999Z
sensor.geschirrspuler_current_consumption,8.7,2025-09-30T10:57:21.006Z
sensor.geschirrspuler_current_consumption,8.8,2025-09-30T10:57:26.018Z
sensor.geschirrspuler_current_consumption,8.6,2025-09-30T10:57:31.000Z
sensor.geschirrspuler_current_consumption,8.7,2025-09-30T10:57:36.006Z
sensor.geschirrspuler_current_consumption,8.6,2025-09-30T10:57:41.013Z
sensor.geschirrspuler_current_consumption,8.7,2025-09-30T10:57:45.998Z
sensor.geschirrspuler_current_consumption,8.6,2025-09-30T10:57:51.005Z
sensor.geschirrspuler_current_consumption,8.7,2025-09-30T10:58:11.013Z
sensor.geschirrspuler_current_consumption,8.6,2025-09-30T10:58:26.013Z
sensor.geschirrspuler_current_consumption,8.7,2025-09-30T10:58:31.001Z
sensor.geschirrspuler_current_consumption,2.8,2025-09-30T10:58:36.008Z
sensor.geschirrspuler_current_consumption,19.6,2025-09-30T10:58:46.000Z
sensor.geschirrspuler_current_consumption,15.2,2025-09-30T10:58:51.010Z
sensor.geschirrspuler_current_consumption,15.1,2025-09-30T10:58:56.014Z
sensor.geschirrspuler_current_consumption,15.0,2025-09-30T10:59:01.002Z
sensor.geschirrspuler_current_consumption,14.9,2025-09-30T10:59:06.007Z
sensor.geschirrspuler_current_consumption,14.8,2025-09-30T10:59:21.015Z
sensor.geschirrspuler_current_consumption,20.8,2025-09-30T10:59:25.999Z
sensor.geschirrspuler_current_consumption,25.0,2025-09-30T10:59:31.008Z
sensor.geschirrspuler_current_consumption,27.2,2025-09-30T10:59:36.014Z
sensor.geschirrspuler_current_consumption,27.0,2025-09-30T10:59:41.000Z
sensor.geschirrspuler_current_consumption,26.2,2025-09-30T10:59:46.008Z
sensor.geschirrspuler_current_consumption,25.6,2025-09-30T10:59:51.016Z
sensor.geschirrspuler_current_consumption,24.6,2025-09-30T10:59:55.999Z
sensor.geschirrspuler_current_consumption,20.8,2025-09-30T11:00:01.006Z
sensor.geschirrspuler_current_consumption,20.9,2025-09-30T11:00:06.014Z
sensor.geschirrspuler_current_consumption,33.2,2025-09-30T11:00:10.999Z
sensor.geschirrspuler_current_consumption,34.6,2025-09-30T11:00:16.006Z
sensor.geschirrspuler_current_consumption,28.9,2025-09-30T11:00:21.019Z
sensor.geschirrspuler_current_consumption,30.7,2025-09-30T11:00:25.999Z
sensor.geschirrspuler_current_consumption,31.7,2025-09-30T11:00:31.007Z
sensor.geschirrspuler_current_consumption,50.6,2025-09-30T11:00:36.015Z
sensor.geschirrspuler_current_consumption,50.4,2025-09-30T11:00:40.999Z
sensor.geschirrspuler_current_consumption,50.5,2025-09-30T11:00:46.006Z
sensor.geschirrspuler_current_consumption,50.3,2025-09-30T11:00:51.013Z
sensor.geschirrspuler_current_consumption,50.4,2025-09-30T11:00:56.000Z
sensor.geschirrspuler_current_consumption,50.3,2025-09-30T11:01:01.006Z
sensor.geschirrspuler_current_consumption,44.2,2025-09-30T11:01:06.015Z
sensor.geschirrspuler_current_consumption,55.2,2025-09-30T11:01:11.000Z
sensor.geschirrspuler_current_consumption,58.9,2025-09-30T11:01:16.011Z
sensor.geschirrspuler_current_consumption,41.3,2025-09-30T11:01:21.012Z
sensor.geschirrspuler_current_consumption,45.1,2025-09-30T11:01:25.999Z
sensor.geschirrspuler_current_consumption,51.7,2025-09-30T11:01:31.006Z
sensor.geschirrspuler_current_consumption,51.6,2025-09-30T11:01:36.016Z
sensor.geschirrspuler_current_consumption,51.5,2025-09-30T11:02:01.008Z
sensor.geschirrspuler_current_consumption,51.7,2025-09-30T11:02:06.000Z
sensor.geschirrspuler_current_consumption,51.4,2025-09-30T11:02:11.008Z
sensor.geschirrspuler_current_consumption,51.5,2025-09-30T11:02:20.999Z
sensor.geschirrspuler_current_consumption,27.7,2025-09-30T11:02:26.006Z
sensor.geschirrspuler_current_consumption,22.7,2025-09-30T11:02:31.013Z
sensor.geschirrspuler_current_consumption,25.3,2025-09-30T11:02:41.007Z
sensor.geschirrspuler_current_consumption,30.4,2025-09-30T11:02:46.021Z
sensor.geschirrspuler_current_consumption,44.2,2025-09-30T11:02:51.003Z
sensor.geschirrspuler_current_consumption,44.1,2025-09-30T11:02:56.009Z
sensor.geschirrspuler_current_consumption,44.3,2025-09-30T11:03:01.006Z
sensor.geschirrspuler_current_consumption,44.1,2025-09-30T11:03:06.008Z
sensor.geschirrspuler_current_consumption,44.3,2025-09-30T11:03:11.016Z
sensor.geschirrspuler_current_consumption,44.1,2025-09-30T11:03:21.006Z
sensor.geschirrspuler_current_consumption,44.2,2025-09-30T11:03:31.005Z
sensor.geschirrspuler_current_consumption,28.7,2025-09-30T11:03:36.006Z
sensor.geschirrspuler_current_consumption,51.2,2025-09-30T11:03:41.013Z
sensor.geschirrspuler_current_consumption,51.5,2025-09-30T11:03:45.999Z
sensor.geschirrspuler_current_consumption,51.4,2025-09-30T11:03:56.014Z
sensor.geschirrspuler_current_consumption,51.6,2025-09-30T11:04:01.004Z
sensor.geschirrspuler_current_consumption,51.5,2025-09-30T11:04:06.008Z
sensor.geschirrspuler_current_consumption,51.0,2025-09-30T11:04:11.015Z
sensor.geschirrspuler_current_consumption,51.1,2025-09-30T11:04:15.999Z
sensor.geschirrspuler_current_consumption,51.4,2025-09-30T11:04:21.006Z
sensor.geschirrspuler_current_consumption,51.2,2025-09-30T11:04:26.013Z
sensor.geschirrspuler_current_consumption,51.4,2025-09-30T11:04:31.000Z
sensor.geschirrspuler_current_consumption,25.7,2025-09-30T11:04:41.018Z
sensor.geschirrspuler_current_consumption,22.7,2025-09-30T11:04:46.000Z
sensor.geschirrspuler_current_consumption,22.6,2025-09-30T11:04:51.007Z
sensor.geschirrspuler_current_consumption,27.1,2025-09-30T11:04:56.015Z
sensor.geschirrspuler_current_consumption,42.4,2025-09-30T11:05:01.000Z
sensor.geschirrspuler_current_consumption,44.1,2025-09-30T11:05:06.008Z
sensor.geschirrspuler_current_consumption,44.0,2025-09-30T11:05:11.020Z
sensor.geschirrspuler_current_consumption,43.8,2025-09-30T11:05:16.003Z
sensor.geschirrspuler_current_consumption,43.9,2025-09-30T11:05:21.009Z
sensor.geschirrspuler_current_consumption,43.8,2025-09-30T11:05:36.014Z
sensor.geschirrspuler_current_consumption,43.9,2025-09-30T11:05:46.006Z
sensor.geschirrspuler_current_consumption,26.7,2025-09-30T11:05:51.013Z
sensor.geschirrspuler_current_consumption,51.8,2025-09-30T11:05:56.001Z
sensor.geschirrspuler_current_consumption,51.6,2025-09-30T11:06:01.007Z
sensor.geschirrspuler_current_consumption,51.7,2025-09-30T11:06:11.001Z
sensor.geschirrspuler_current_consumption,51.8,2025-09-30T11:06:16.007Z
sensor.geschirrspuler_current_consumption,36.2,2025-09-30T11:06:21.015Z
sensor.geschirrspuler_current_consumption,22.3,2025-09-30T11:06:25.999Z
sensor.geschirrspuler_current_consumption,14.9,2025-09-30T11:06:31.007Z
sensor.geschirrspuler_current_consumption,17.4,2025-09-30T11:06:36.014Z
sensor.geschirrspuler_current_consumption,13.3,2025-09-30T11:06:41.000Z
sensor.geschirrspuler_current_consumption,17.8,2025-09-30T11:06:46.009Z
sensor.geschirrspuler_current_consumption,17.6,2025-09-30T11:06:51.015Z
sensor.geschirrspuler_current_consumption,17.9,2025-09-30T11:06:56.000Z
sensor.geschirrspuler_current_consumption,16.8,2025-09-30T11:07:01.009Z
sensor.geschirrspuler_current_consumption,14.7,2025-09-30T11:07:06.015Z
sensor.geschirrspuler_current_consumption,14.5,2025-09-30T11:07:11.001Z
sensor.geschirrspuler_current_consumption,31.3,2025-09-30T11:07:16.008Z
sensor.geschirrspuler_current_consumption,31.2,2025-09-30T11:07:21.015Z
sensor.geschirrspuler_current_consumption,25.6,2025-09-30T11:07:26.000Z
sensor.geschirrspuler_current_consumption,3.0,2025-09-30T11:07:31.007Z
sensor.geschirrspuler_current_consumption,17.4,2025-09-30T11:07:41.000Z
sensor.geschirrspuler_current_consumption,10.6,2025-09-30T11:07:46.007Z
sensor.geschirrspuler_current_consumption,21.0,2025-09-30T11:07:51.012Z
sensor.geschirrspuler_current_consumption,16.4,2025-09-30T11:07:55.999Z
sensor.geschirrspuler_current_consumption,15.9,2025-09-30T11:08:01.006Z
sensor.geschirrspuler_current_consumption,16.0,2025-09-30T11:08:06.014Z
sensor.geschirrspuler_current_consumption,15.9,2025-09-30T11:08:10.999Z
sensor.geschirrspuler_current_consumption,15.7,2025-09-30T11:08:21.004Z
sensor.geschirrspuler_current_consumption,26.1,2025-09-30T11:08:31.013Z
sensor.geschirrspuler_current_consumption,37.0,2025-09-30T11:08:35.999Z
sensor.geschirrspuler_current_consumption,27.8,2025-09-30T11:08:41.005Z
sensor.geschirrspuler_current_consumption,27.7,2025-09-30T11:08:46.012Z
sensor.geschirrspuler_current_consumption,27.3,2025-09-30T11:08:51.000Z
sensor.geschirrspuler_current_consumption,29.1,2025-09-30T11:08:56.005Z
sensor.geschirrspuler_current_consumption,28.2,2025-09-30T11:09:01.017Z
sensor.geschirrspuler_current_consumption,20.6,2025-09-30T11:09:05.999Z
sensor.geschirrspuler_current_consumption,29.7,2025-09-30T11:09:16.014Z
sensor.geschirrspuler_current_consumption,22.9,2025-09-30T11:09:21.000Z
sensor.geschirrspuler_current_consumption,24.2,2025-09-30T11:11:00.999Z
sensor.geschirrspuler_current_consumption,24.6,2025-09-30T11:11:06.006Z
sensor.geschirrspuler_current_consumption,19.7,2025-09-30T11:11:11.013Z
sensor.geschirrspuler_current_consumption,19.8,2025-09-30T11:11:15.999Z
sensor.geschirrspuler_current_consumption,19.7,2025-09-30T11:11:26.015Z
sensor.geschirrspuler_current_consumption,19.9,2025-09-30T11:11:51.009Z
sensor.geschirrspuler_current_consumption,19.7,2025-09-30T11:11:56.018Z
sensor.geschirrspuler_current_consumption,19.8,2025-09-30T11:12:01.002Z
sensor.geschirrspuler_current_consumption,19.7,2025-09-30T11:12:11.015Z
sensor.geschirrspuler_current_consumption,19.8,2025-09-30T11:12:41.012Z
sensor.geschirrspuler_current_consumption,19.7,2025-09-30T11:12:46.018Z
sensor.geschirrspuler_current_consumption,19.6,2025-09-30T11:12:56.000Z
sensor.geschirrspuler_current_consumption,19.7,2025-09-30T11:13:11.004Z
sensor.geschirrspuler_current_consumption,19.8,2025-09-30T11:13:26.000Z
sensor.geschirrspuler_current_consumption,19.6,2025-09-30T11:13:31.007Z
sensor.geschirrspuler_current_consumption,19.7,2025-09-30T11:13:36.014Z
sensor.geschirrspuler_current_consumption,19.6,2025-09-30T11:13:41.003Z
sensor.geschirrspuler_current_consumption,19.7,2025-09-30T11:13:46.008Z
sensor.geschirrspuler_current_consumption,19.5,2025-09-30T11:14:16.008Z
sensor.geschirrspuler_current_consumption,29.9,2025-09-30T11:14:21.018Z
sensor.geschirrspuler_current_consumption,27.1,2025-09-30T11:14:26.005Z
sensor.geschirrspuler_current_consumption,22.5,2025-09-30T11:14:31.013Z
sensor.geschirrspuler_current_consumption,22.7,2025-09-30T11:14:41.010Z
sensor.geschirrspuler_current_consumption,26.4,2025-09-30T11:14:46.014Z
sensor.geschirrspuler_current_consumption,26.3,2025-09-30T11:14:51.000Z
sensor.geschirrspuler_current_consumption,26.4,2025-09-30T11:14:56.007Z
sensor.geschirrspuler_current_consumption,26.5,2025-09-30T11:15:01.014Z
sensor.geschirrspuler_current_consumption,26.3,2025-09-30T11:15:06.004Z
sensor.geschirrspuler_current_consumption,26.4,2025-09-30T11:15:11.007Z
sensor.geschirrspuler_current_consumption,26.5,2025-09-30T11:15:16.013Z
sensor.geschirrspuler_current_consumption,26.4,2025-09-30T11:15:20.999Z
sensor.geschirrspuler_current_consumption,26.3,2025-09-30T11:15:31.012Z
sensor.geschirrspuler_current_consumption,27.1,2025-09-30T11:15:36.003Z
sensor.geschirrspuler_current_consumption,29.8,2025-09-30T11:15:41.007Z
sensor.geschirrspuler_current_consumption,29.7,2025-09-30T11:15:50.999Z
sensor.geschirrspuler_current_consumption,29.6,2025-09-30T11:16:01.013Z
sensor.geschirrspuler_current_consumption,29.7,2025-09-30T11:16:06.002Z
sensor.geschirrspuler_current_consumption,29.6,2025-09-30T11:16:16.012Z
sensor.geschirrspuler_current_consumption,29.7,2025-09-30T11:16:35.998Z
sensor.geschirrspuler_current_consumption,28.9,2025-09-30T11:16:41.005Z
sensor.geschirrspuler_current_consumption,22.5,2025-09-30T11:16:46.017Z
sensor.geschirrspuler_current_consumption,23.0,2025-09-30T11:16:51.002Z
sensor.geschirrspuler_current_consumption,27.6,2025-09-30T11:16:56.009Z
sensor.geschirrspuler_current_consumption,26.2,2025-09-30T11:17:01.004Z
sensor.geschirrspuler_current_consumption,26.3,2025-09-30T11:17:06.009Z
sensor.geschirrspuler_current_consumption,26.4,2025-09-30T11:17:26.014Z
sensor.geschirrspuler_current_consumption,26.3,2025-09-30T11:17:36.006Z
sensor.geschirrspuler_current_consumption,26.7,2025-09-30T11:17:45.999Z
sensor.geschirrspuler_current_consumption,28.3,2025-09-30T11:17:51.006Z
sensor.geschirrspuler_current_consumption,29.7,2025-09-30T11:17:56.047Z
sensor.geschirrspuler_current_consumption,29.6,2025-09-30T11:18:06.008Z
sensor.geschirrspuler_current_consumption,29.8,2025-09-30T11:18:11.015Z
sensor.geschirrspuler_current_consumption,29.6,2025-09-30T11:18:15.998Z
sensor.geschirrspuler_current_consumption,26.4,2025-09-30T11:22:06.000Z
sensor.geschirrspuler_current_consumption,26.6,2025-09-30T11:22:11.007Z
sensor.geschirrspuler_current_consumption,2.8,2025-09-30T11:22:16.014Z
sensor.geschirrspuler_current_consumption,2.7,2025-09-30T11:22:21.003Z
sensor.geschirrspuler_current_consumption,2.8,2025-09-30T11:22:51.002Z
sensor.geschirrspuler_current_consumption,19.6,2025-09-30T11:23:01.013Z
sensor.geschirrspuler_current_consumption,26.6,2025-09-30T11:23:05.999Z
sensor.geschirrspuler_current_consumption,26.7,2025-09-30T11:23:11.005Z
sensor.geschirrspuler_current_consumption,26.5,2025-09-30T11:23:16.013Z
sensor.geschirrspuler_current_consumption,11.2,2025-09-30T11:23:21.005Z
sensor.geschirrspuler_current_consumption,10.3,2025-09-30T11:23:26.009Z
sensor.geschirrspuler_current_consumption,7.4,2025-09-30T11:23:31.015Z
sensor.geschirrspuler_current_consumption,23.4,2025-09-30T11:23:35.999Z
sensor.geschirrspuler_current_consumption,10.8,2025-09-30T11:23:41.007Z
sensor.geschirrspuler_current_consumption,12.8,2025-09-30T11:23:46.013Z
sensor.geschirrspuler_current_consumption,7.3,2025-09-30T11:23:50.999Z
sensor.geschirrspuler_current_consumption,2.8,2025-09-30T11:23:56.007Z
sensor.geschirrspuler_current_consumption,2.9,2025-09-30T11:24:01.014Z
sensor.geschirrspuler_current_consumption,2.8,2025-09-30T11:24:06.001Z
sensor.geschirrspuler_current_consumption,2.7,2025-09-30T11:24:20.999Z
sensor.geschirrspuler_current_consumption,2.8,2025-09-30T11:24:26.006Z
sensor.geschirrspuler_current_consumption,2.7,2025-09-30T11:24:41.007Z
sensor.geschirrspuler_current_consumption,2.8,2025-09-30T11:24:46.013Z
sensor.geschirrspuler_current_consumption,2.7,2025-09-30T11:24:56.007Z
sensor.geschirrspuler_current_consumption,2.8,2025-09-30T11:25:01.014Z
sensor.geschirrspuler_current_consumption,2.9,2025-09-30T11:25:05.999Z
sensor.geschirrspuler_current_consumption,2.8,2025-09-30T11:25:11.006Z
sensor.geschirrspuler_current_consumption,2.7,2025-09-30T11:25:31.013Z
sensor.geschirrspuler_current_consumption,2.9,2025-09-30T11:25:36.000Z
sensor.geschirrspuler_current_consumption,2.8,2025-09-30T11:25:41.008Z
sensor.geschirrspuler_current_consumption,2.7,2025-09-30T11:25:50.999Z
sensor.geschirrspuler_current_consumption,2.8,2025-09-30T11:26:05.999Z
sensor.geschirrspuler_current_consumption,2.7,2025-09-30T11:26:16.016Z
sensor.geschirrspuler_current_consumption,2.8,2025-09-30T11:26:20.999Z
sensor.geschirrspuler_current_consumption,2.7,2025-09-30T11:26:31.013Z
sensor.geschirrspuler_current_consumption,2.8,2025-09-30T11:26:35.999Z
sensor.geschirrspuler_current_consumption,2.7,2025-09-30T11:26:56.003Z
sensor.geschirrspuler_current_consumption,2.8,2025-09-30T11:27:06.016Z
sensor.geschirrspuler_current_consumption,2.7,2025-09-30T11:27:16.005Z
sensor.geschirrspuler_current_consumption,2.8,2025-09-30T11:27:26.003Z
sensor.geschirrspuler_current_consumption,2.7,2025-09-30T11:27:31.010Z
sensor.geschirrspuler_current_consumption,2.8,2025-09-30T11:27:35.999Z
sensor.geschirrspuler_current_consumption,2.7,2025-09-30T11:27:51.005Z
sensor.geschirrspuler_current_consumption,2.8,2025-09-30T11:27:56.006Z
sensor.geschirrspuler_current_consumption,2.7,2025-09-30T11:28:11.009Z
sensor.geschirrspuler_current_consumption,2.9,2025-09-30T11:28:26.005Z
sensor.geschirrspuler_current_consumption,2.8,2025-09-30T11:28:31.012Z
sensor.geschirrspuler_current_consumption,2.7,2025-09-30T11:28:46.013Z
sensor.geschirrspuler_current_consumption,9.8,2025-09-30T11:28:51.000Z
sensor.geschirrspuler_current_consumption,9.2,2025-09-30T11:28:56.006Z
sensor.geschirrspuler_current_consumption,9.3,2025-09-30T11:29:01.014Z
sensor.geschirrspuler_current_consumption,9.2,2025-09-30T11:29:06.002Z
sensor.geschirrspuler_current_consumption,9.3,2025-09-30T11:29:11.012Z
sensor.geschirrspuler_current_consumption,9.2,2025-09-30T11:29:16.014Z
sensor.geschirrspuler_current_consumption,9.3,2025-09-30T11:29:21.001Z
sensor.geschirrspuler_current_consumption,9.2,2025-09-30T11:29:26.011Z
sensor.geschirrspuler_current_consumption,9.1,2025-09-30T11:29:31.002Z
sensor.geschirrspuler_current_consumption,9.4,2025-09-30T11:29:36.010Z
sensor.geschirrspuler_current_consumption,9.3,2025-09-30T11:29:40.999Z
sensor.geschirrspuler_current_consumption,9.2,2025-09-30T11:30:11.000Z
sensor.geschirrspuler_current_consumption,9.3,2025-09-30T11:30:21.014Z
sensor.geschirrspuler_current_consumption,9.2,2025-09-30T11:30:31.006Z
sensor.geschirrspuler_current_consumption,9.3,2025-09-30T11:30:56.000Z
sensor.geschirrspuler_current_consumption,9.2,2025-09-30T11:31:01.007Z
sensor.geschirrspuler_current_consumption,9.3,2025-09-30T11:31:10.999Z
sensor.geschirrspuler_current_consumption,9.2,2025-09-30T11:31:15.999Z
sensor.geschirrspuler_current_consumption,9.3,2025-09-30T11:31:26.013Z
sensor.geschirrspuler_current_consumption,9.2,2025-09-30T11:31:31.001Z
sensor.geschirrspuler_current_consumption,9.3,2025-09-30T11:31:36.008Z
sensor.geschirrspuler_current_consumption,9.2,2025-09-30T11:31:41.011Z
sensor.geschirrspuler_current_consumption,9.3,2025-09-30T11:31:51.009Z
sensor.geschirrspuler_current_consumption,9.2,2025-09-30T11:32:01.004Z
sensor.geschirrspuler_current_consumption,9.1,2025-09-30T11:32:41.012Z
sensor.geschirrspuler_current_consumption,9.2,2025-09-30T11:32:45.999Z
sensor.geschirrspuler_current_consumption,9.3,2025-09-30T11:32:56.011Z
sensor.geschirrspuler_current_consumption,9.2,2025-09-30T11:33:01.009Z
sensor.geschirrspuler_current_consumption,9.3,2025-09-30T11:33:56.013Z
sensor.geschirrspuler_current_consumption,9.1,2025-09-30T11:34:01.000Z
sensor.geschirrspuler_current_consumption,9.3,2025-09-30T11:34:11.016Z
sensor.geschirrspuler_current_consumption,9.2,2025-09-30T11:34:16.000Z
sensor.geschirrspuler_current_consumption,9.3,2025-09-30T11:34:21.008Z
sensor.geschirrspuler_current_consumption,9.1,2025-09-30T11:34:30.999Z
sensor.geschirrspuler_current_consumption,9.2,2025-09-30T11:34:36.005Z
sensor.geschirrspuler_current_consumption,9.1,2025-09-30T11:34:41.017Z
sensor.geschirrspuler_current_consumption,9.3,2025-09-30T11:34:45.999Z
sensor.geschirrspuler_current_consumption,9.1,2025-09-30T11:34:51.007Z
sensor.geschirrspuler_current_consumption,9.3,2025-09-30T11:35:01.000Z
sensor.geschirrspuler_current_consumption,9.1,2025-09-30T11:35:06.006Z
sensor.geschirrspuler_current_consumption,9.2,2025-09-30T11:35:11.013Z
sensor.geschirrspuler_current_consumption,9.1,2025-09-30T11:35:21.005Z
sensor.geschirrspuler_current_consumption,9.3,2025-09-30T11:35:26.013Z
sensor.geschirrspuler_current_consumption,9.1,2025-09-30T11:35:41.015Z
sensor.geschirrspuler_current_consumption,9.2,2025-09-30T11:35:46.000Z
sensor.geschirrspuler_current_consumption,9.3,2025-09-30T11:35:56.015Z
sensor.geschirrspuler_current_consumption,9.2,2025-09-30T11:36:11.013Z
sensor.geschirrspuler_current_consumption,9.3,2025-09-30T11:36:16.000Z
sensor.geschirrspuler_current_consumption,9.2,2025-09-30T11:36:21.008Z
sensor.geschirrspuler_current_consumption,9.1,2025-09-30T11:36:26.019Z
sensor.geschirrspuler_current_consumption,9.3,2025-09-30T11:36:31.000Z
sensor.geschirrspuler_current_consumption,9.2,2025-09-30T11:36:41.015Z
sensor.geschirrspuler_current_consumption,9.3,2025-09-30T11:37:01.009Z
sensor.geschirrspuler_current_consumption,9.2,2025-09-30T11:37:06.020Z
sensor.geschirrspuler_current_consumption,9.3,2025-09-30T11:37:16.007Z
sensor.geschirrspuler_current_consumption,9.2,2025-09-30T11:37:21.014Z
sensor.geschirrspuler_current_consumption,9.3,2025-09-30T11:37:31.008Z
sensor.geschirrspuler_current_consumption,9.2,2025-09-30T11:37:40.998Z
sensor.geschirrspuler_current_consumption,9.4,2025-09-30T11:37:46.007Z
sensor.geschirrspuler_current_consumption,9.2,2025-09-30T11:37:51.013Z
sensor.geschirrspuler_current_consumption,9.3,2025-09-30T11:37:56.001Z
sensor.geschirrspuler_current_consumption,9.2,2025-09-30T11:38:10.999Z
sensor.geschirrspuler_current_consumption,9.3,2025-09-30T11:38:21.015Z
sensor.geschirrspuler_current_consumption,9.2,2025-09-30T11:38:25.997Z
sensor.geschirrspuler_current_consumption,9.3,2025-09-30T11:39:11.001Z
sensor.geschirrspuler_current_consumption,9.2,2025-09-30T11:39:26.000Z
sensor.geschirrspuler_current_consumption,9.3,2025-09-30T11:39:40.999Z
sensor.geschirrspuler_current_consumption,9.2,2025-09-30T11:39:46.009Z
sensor.geschirrspuler_current_consumption,9.3,2025-09-30T11:39:51.018Z
sensor.geschirrspuler_current_consumption,9.2,2025-09-30T11:40:01.007Z
sensor.geschirrspuler_current_consumption,9.3,2025-09-30T11:40:16.007Z
sensor.geschirrspuler_current_consumption,9.2,2025-09-30T11:40:26.006Z
sensor.geschirrspuler_current_consumption,9.1,2025-09-30T11:40:46.008Z
sensor.geschirrspuler_current_consumption,9.2,2025-09-30T11:40:51.015Z
sensor.geschirrspuler_current_consumption,9.1,2025-09-30T11:41:20.998Z
sensor.geschirrspuler_current_consumption,9.2,2025-09-30T11:41:26.006Z
sensor.geschirrspuler_current_consumption,9.1,2025-09-30T11:41:41.000Z
sensor.geschirrspuler_current_consumption,9.3,2025-09-30T11:41:46.006Z
sensor.geschirrspuler_current_consumption,9.2,2025-09-30T11:41:51.013Z
sensor.geschirrspuler_current_consumption,9.3,2025-09-30T11:42:06.015Z
sensor.geschirrspuler_current_consumption,9.2,2025-09-30T11:42:11.004Z
sensor.geschirrspuler_current_consumption,9.3,2025-09-30T11:42:16.009Z
sensor.geschirrspuler_current_consumption,9.2,2025-09-30T11:42:21.014Z
sensor.geschirrspuler_current_consumption,9.3,2025-09-30T11:42:51.013Z
sensor.geschirrspuler_current_consumption,9.2,2025-09-30T11:42:55.999Z
sensor.geschirrspuler_current_consumption,9.3,2025-09-30T11:43:06.014Z
sensor.geschirrspuler_current_consumption,15.1,2025-09-30T11:43:11.002Z
sensor.geschirrspuler_current_consumption,15.2,2025-09-30T11:43:16.006Z
sensor.geschirrspuler_current_consumption,15.1,2025-09-30T11:43:25.998Z
sensor.geschirrspuler_current_consumption,15.2,2025-09-30T11:43:36.014Z
sensor.geschirrspuler_current_consumption,15.1,2025-09-30T11:43:41.001Z
sensor.geschirrspuler_current_consumption,15.2,2025-09-30T11:44:06.042Z
sensor.geschirrspuler_current_consumption,15.1,2025-09-30T11:44:10.999Z
sensor.geschirrspuler_current_consumption,9.1,2025-09-30T11:44:16.007Z
sensor.geschirrspuler_current_consumption,20.9,2025-09-30T11:44:21.018Z
sensor.geschirrspuler_current_consumption,23.5,2025-09-30T11:44:26.000Z
sensor.geschirrspuler_current_consumption,23.4,2025-09-30T11:44:31.007Z
sensor.geschirrspuler_current_consumption,2.7,2025-09-30T11:44:36.015Z
sensor.geschirrspuler_current_consumption,24.5,2025-09-30T11:44:40.999Z
sensor.geschirrspuler_current_consumption,2.9,2025-09-30T11:44:46.007Z
sensor.geschirrspuler_current_consumption,2.0,2025-09-30T11:44:55.998Z
sensor.geschirrspuler_current_consumption,1.9,2025-09-30T11:45:06.015Z
sensor.geschirrspuler_current_consumption,2.0,2025-09-30T11:45:16.009Z
sensor.geschirrspuler_current_consumption,1.9,2025-09-30T11:45:31.006Z
sensor.geschirrspuler_current_consumption,2.0,2025-09-30T11:45:41.000Z
sensor.geschirrspuler_current_consumption,1.9,2025-09-30T11:45:46.012Z
sensor.geschirrspuler_current_consumption,2.0,2025-09-30T11:45:51.011Z
sensor.geschirrspuler_current_consumption,1.9,2025-09-30T11:45:55.999Z
sensor.geschirrspuler_current_consumption,2.0,2025-09-30T11:46:01.006Z
sensor.geschirrspuler_current_consumption,1.9,2025-09-30T11:46:21.006Z
sensor.geschirrspuler_current_consumption,2.0,2025-09-30T11:46:26.013Z
sensor.geschirrspuler_current_consumption,1.9,2025-09-30T11:46:30.999Z
sensor.geschirrspuler_current_consumption,2.0,2025-09-30T11:46:36.004Z
sensor.geschirrspuler_current_consumption,1.9,2025-09-30T11:46:41.012Z
sensor.geschirrspuler_current_consumption,0.0,2025-09-30T11:46:45.999Z
